"Gene","log2FC","p_value"
"Gene1",0.245480207287979,0.526708038290963
"Gene2",-2.50366769195534,0.0172561276704073
"Gene3",-1.49972229285345,0.0671237150672823
"Gene4",0.8490215303153,0.763302971608937
"Gene5",1.51908764536245,0.0456335425842553
"Gene6",-0.35015985515155,0.709955838974565
"Gene7",-1.10352274515436,0.929096447071061
"Gene8",-1.35350983152662,0.907562111737207
"Gene9",-1.41064917228519,0.394480103394017
"Gene10",-0.892097607478343,0.347689225804061
"Gene11",-1.08832797558084,0.689584170933813
"Gene12",-0.317408892784097,0.65587079548277
"Gene13",0.132522102835302,0.913336070720106
"Gene14",-0.623387149884135,0.96296706260182
"Gene15",-0.123477518690958,0.655358574120328
"Gene16",1.69610164849252,0.851960635045543
"Gene17",0.372508414603131,0.0804225825704634
"Gene18",-0.0152098993652856,0.275666964938864
"Gene19",-0.249599054777122,0.95740765449591
"Gene20",0.07444964295214,0.63345892704092
"Gene21",-0.703715144772816,0.401909529929981
"Gene22",-0.72934086949644,0.639864209108055
"Gene23",-2.22519753874627,0.669105055974796
"Gene24",1.13805721965565,0.293286531232297
"Gene25",-0.102668979499976,0.996608414221555
"Gene26",-0.292338270367093,0.311341796070337
"Gene27",-0.446812061837067,0.0506411287933588
"Gene28",1.22966995029577,0.987930223112926
"Gene29",-0.369773980752055,0.349157077260315
"Gene30",-0.993407321789216,0.672824215143919
"Gene31",1.42055743283526,0.694163031177595
"Gene32",-0.206561921836101,0.157160320319235
"Gene33",-0.430498447906447,0.160266261082143
"Gene34",-0.969443868716702,0.786121615441516
"Gene35",-0.00763256388104666,0.792716138530523
"Gene36",-2.00284095118652,0.388779814820737
"Gene37",-0.442528530563168,0.3948182053864
"Gene38",-0.907697348796261,0.68117438768968
"Gene39",0.917565499063895,0.128860133001581
"Gene40",0.33912079624574,0.465080629801378
"Gene41",0.549579960579307,0.849084319779649
"Gene42",-0.19554987410614,0.477087757317349
"Gene43",3.27600223294968,0.951158379903063
"Gene44",2.51129321915802,0.271645529195666
"Gene45",1.18094216085409,0.444793181493878
"Gene46",-0.844220337066345,0.771797060035169
"Gene47",-0.661858404973547,0.401707495097071
"Gene48",-0.670727271189788,0.28712939703837
"Gene49",-0.825955604820468,0.626686073141173
"Gene50",0.334829118484763,0.0761958681978285
"Gene51",-1.06020122108723,0.0688632829114795
"Gene52",1.37195842473755,0.776609789580107
"Gene53",0.0184950631245564,0.139159502228722
"Gene54",-0.617441677681164,0.587092941626906
"Gene55",-0.734623780209811,0.670139796566218
"Gene56",-3.04288324447747,0.0591270122677088
"Gene57",-1.04090099202855,0.59782538190484
"Gene58",-0.814925410239086,0.979349780362099
"Gene59",-1.33799727798692,0.585378569317982
"Gene60",1.16054964062446,0.149946617661044
"Gene61",1.24772402017205,0.587862581713125
"Gene62",0.907747005133938,0.0457441615872085
"Gene63",0.594055239261876,0.746092197950929
"Gene64",-0.244922037379989,0.257262048311532
"Gene65",1.79937310512168,0.114579438697547
"Gene66",0.522328859671113,0.738978882087395
"Gene67",0.177102960949288,0.93775440286845
"Gene68",-0.742443650114862,0.0200827054213732
"Gene69",-0.0350402039192274,0.00655562430620193
"Gene70",0.361039730556978,0.360628392547369
"Gene71",-2.12094893828258,0.418363768141717
"Gene72",0.959064332568875,0.349087818525732
"Gene73",-0.873779365470401,0.0348332843277603
"Gene74",0.365608148173097,0.343972456641495
"Gene75",1.87208112397395,0.899886588566005
"Gene76",0.761487517222326,0.591874713543802
"Gene77",1.43318276567162,0.790549185825512
"Gene78",-0.710242376601577,0.686204744270071
"Gene79",1.85006921510792,0.280519559048116
"Gene80",0.535318687058752,0.70602870429866
"Gene81",-0.819759742710621,0.967668146127835
"Gene82",0.947127899217896,0.278999417787418
"Gene83",-0.686140712987122,0.4476898254361
"Gene84",-1.28671545751031,0.423925261711702
"Gene85",-3.45984998147456,0.388426900841296
"Gene86",-0.791797062553908,0.471378235146403
"Gene87",-0.200435119219972,0.673792273970321
"Gene88",2.05823107206844,0.216699572047219
"Gene89",0.714339020875967,0.331933082081378
"Gene90",2.18361745191873,0.229722456540912
"Gene91",-1.26843530795884,0.265488556819037
"Gene92",-0.620123551005575,0.575681875227019
"Gene93",-1.05715406247843,0.80971246608533
"Gene94",0.706607940017431,0.0977983402553946
"Gene95",-1.0287027840013,0.374086843105033
"Gene96",-1.38418558880558,0.188783828634769
"Gene97",0.0983567406131097,0.826340202940628
"Gene98",-0.402902073651042,0.265568269183859
"Gene99",2.47929967870004,0.75057387445122
"Gene100",0.782907713302128,0.678039793856442
"Gene101",-1.54094064597227,0.230980715947226
"Gene102",0.878189990476481,0.466499283909798
"Gene103",1.00476045274656,0.987109044799581
"Gene104",1.05975903553025,0.667637448757887
"Gene105",0.0928968682911526,0.172076550778002
"Gene106",2.56378422258422,0.20940806157887
"Gene107",-0.878519321251106,0.297976025613025
"Gene108",-1.94442969296864,0.923427301459014
"Gene109",0.372699947969754,0.972395193995908
"Gene110",-0.120982143780571,0.0117441774345934
"Gene111",-0.960609352883079,0.278221374377608
"Gene112",-2.75861714564091,0.205671831732616
"Gene113",0.446214313153555,0.841894863406196
"Gene114",-0.712897099996829,0.725801945663989
"Gene115",1.06064676646479,0.405751545680687
"Gene116",-0.613187647570746,0.169843233190477
"Gene117",0.0828615607763995,0.528530704323202
"Gene118",0.717950890482385,0.246961314696819
"Gene119",0.255912495816033,0.520462721120566
"Gene120",-1.29561106990527,0.854350902372971
"Gene121",0.82017834891705,0.559288660995662
"Gene122",0.532219202547212,0.616886463016272
"Gene123",1.6886343394932,0.713766102679074
"Gene124",-0.589923683877581,0.473752854391932
"Gene125",-0.34808308053535,0.937915086746216
"Gene126",-0.359414575443034,0.88600523211062
"Gene127",-0.486772743491121,0.95074412622489
"Gene128",0.221891451421607,0.669055345468223
"Gene129",1.08454399920287,0.121498770080507
"Gene130",0.273210196051376,0.975077028619125
"Gene131",0.617815058493907,0.798298775916919
"Gene132",0.696703562948582,0.104449475184083
"Gene133",-0.618656038006975,0.894408312859014
"Gene134",-0.957377141708782,0.707830931292847
"Gene135",-0.103115932870439,0.00319880410097539
"Gene136",0.443188756617258,0.52087960485369
"Gene137",-0.846807923962285,0.510227563325316
"Gene138",2.88773077853837,0.789477824699134
"Gene139",-1.06894023706661,0.779043539892882
"Gene140",-1.04827682529692,0.525947496294975
"Gene141",0.0674442072874014,0.981556353159249
"Gene142",-0.0926946969200517,0.778544208500534
"Gene143",-0.817227302856712,0.998685193946585
"Gene144",0.226296478947647,0.683008365798742
"Gene145",0.533004148852539,0.572475778870285
"Gene146",0.315998189084959,0.907267184462398
"Gene147",1.06595606906329,0.275405569467694
"Gene148",1.1401843124242,0.159626636421308
"Gene149",-0.363032979356374,0.0204285690560937
"Gene150",-0.883055315368713,0.883744529914111
"Gene151",-1.31418100089832,0.0288816704414785
"Gene152",-0.574216099177286,0.0269581915345043
"Gene153",2.38636333499881,0.274905526312068
"Gene154",-0.206418421558983,0.868487519910559
"Gene155",-0.156908117446685,0.736261062789708
"Gene156",1.17865558280811,0.144095629453659
"Gene157",0.360721559249754,0.0181283943820745
"Gene158",-1.23333317064823,0.437182310968637
"Gene159",0.244882163379954,0.238145793322474
"Gene160",0.176391367583978,0.0572524974122643
"Gene161",-2.03422473883256,0.737047293921933
"Gene162",0.512561380380737,0.644685845822096
"Gene163",-0.549525939785597,0.359933285042644
"Gene164",0.317668489792746,0.938678114209324
"Gene165",2.36836181450782,0.876964312745258
"Gene166",1.51006836586467,0.258921257453039
"Gene167",-0.539353905418217,0.809208250138909
"Gene168",2.60573767824098,0.71001709648408
"Gene169",0.0496444784836017,0.371572614880279
"Gene170",0.261884450433244,0.394536145497113
"Gene171",-0.124402123573462,0.406162666389719
"Gene172",1.14632824421447,0.755771333817393
"Gene173",-1.47286833340945,0.882272342219949
"Gene174",-1.42731307596478,0.468373409938067
"Gene175",1.33129414666892,0.280932392226532
"Gene176",-2.2703648736123,0.664267687126994
"Gene177",0.211740670651816,0.532301916275173
"Gene178",0.420596638982976,0.0592570514418185
"Gene179",0.57003544649735,0.38057166012004
"Gene180",1.51374242279442,0.983748170780018
"Gene181",-0.0864678132055419,0.10095925303176
"Gene182",-0.781059806615698,0.800654123304412
"Gene183",-0.497843249935951,0.934442540165037
"Gene184",0.573395613953767,0.820980705320835
"Gene185",-0.227254340936976,0.395362122450024
"Gene186",2.99019315455651,0.913931647548452
"Gene187",-0.012212118621028,0.581990878796205
"Gene188",0.307025890614313,0.523125061066821
"Gene189",0.53856365833564,0.975412852363661
"Gene190",0.122443627134966,0.0254393485374749
"Gene191",-0.201232485179211,0.972278823144734
"Gene192",-0.382838572936431,0.513307756511495
"Gene193",-1.08707216218895,0.634591497015208
"Gene194",1.00774107743308,0.319900501985103
"Gene195",0.956419624240348,0.320752502419055
"Gene196",0.882721695347403,0.173430878203362
"Gene197",0.420060249137983,0.131158369593322
"Gene198",0.0346855878562301,0.866043251240626
"Gene199",-0.0987478813176327,0.585414839908481
"Gene200",-0.676676142581912,0.735027179121971
"Gene201",0.342062592240671,0.300010916311294
"Gene202",-0.65629596191076,0.426101981662214
"Gene203",0.774770413282051,0.54942035023123
"Gene204",-1.56037594145056,0.366664659464732
"Gene205",0.911682727527236,0.144421390257776
"Gene206",-0.156797461509645,0.828317990992218
"Gene207",-0.841849319911105,0.855114192003384
"Gene208",0.904593988937509,0.340503443963826
"Gene209",-0.78891900100929,0.642806130461395
"Gene210",-1.11346527533766,0.931965825846419
"Gene211",-1.74255214130692,0.964778186520562
"Gene212",0.261112662742953,0.57945514912717
"Gene213",0.747071415916013,0.94515576842241
"Gene214",0.156476174941642,0.874363233800977
"Gene215",-0.609814135674103,0.404863096540794
"Gene216",2.98043530876748,0.959965500980616
"Gene217",-2.11251545262414,0.677351658931002
"Gene218",-0.424442284869704,0.315035627922043
"Gene219",-0.141490036213668,0.203737766714767
"Gene220",-1.02466220645096,0.330757956253365
"Gene221",0.666394862709181,0.684307526797056
"Gene222",-0.66911814620117,0.728371523320675
"Gene223",1.17268659964629,0.262723808642477
"Gene224",-0.0830207644506563,0.847046034643427
"Gene225",0.273124524618383,0.336495645111427
"Gene226",0.0301957603023614,0.0256868549622595
"Gene227",-0.147955949940655,0.704398533096537
"Gene228",-0.896426283313751,0.104911447269842
"Gene229",0.3432560465373,0.952091348590329
"Gene230",0.898027423925266,0.796681837178767
"Gene231",-0.532804750817378,0.688597430707887
"Gene232",1.25679036617821,0.237710052635521
"Gene233",-0.527545964173825,0.254463624907658
"Gene234",-1.50197147491639,0.544694747542962
"Gene235",-0.88484517101765,0.520692400401458
"Gene236",0.822181061744008,0.881460569100454
"Gene237",-1.04981416378685,0.942026004195213
"Gene238",0.802854773058451,0.902704528998584
"Gene239",-0.871038715794725,0.84112329990603
"Gene240",0.727099421539288,0.392261599423364
"Gene241",1.24063640430706,0.154398090904579
"Gene242",0.230757515262248,0.911208771402016
"Gene243",1.27073156909972,0.328386361012235
"Gene244",0.213475674967016,0.910932463826612
"Gene245",-2.99385978630744,0.571085575502366
"Gene246",-1.32790133024465,0.526396728819236
"Gene247",-0.166045418059157,0.766904331743717
"Gene248",-1.5141014830631,0.694570682477206
"Gene249",-0.120793758727182,0.739525828277692
"Gene250",1.44939628820593,0.581956221722066
"Gene251",1.52022588786475,0.46791960275732
"Gene252",0.416740394850988,0.436122804647312
"Gene253",0.651504020510326,0.27953002601862
"Gene254",0.00532694739325995,0.958616377552971
"Gene255",-0.74812104837833,0.92831853334792
"Gene256",-1.48815692246328,0.220085290726274
"Gene257",-0.713107336230085,0.929374882718548
"Gene258",0.542340267542539,0.363377331057563
"Gene259",-0.248485338676163,0.409438804257661
"Gene260",-0.35194201799862,0.609511233400553
"Gene261",-2.05172667043378,0.79911663220264
"Gene262",-0.0504474872330688,0.309116209158674
"Gene263",-0.469059306513001,0.672085208352655
"Gene264",1.4639367465148,0.267624319065362
"Gene265",0.621145918396794,0.550980450119823
"Gene266",-1.50063656119623,0.0852732181083411
"Gene267",-0.440524584417439,0.543727423995733
"Gene268",-1.22242310691143,0.293942712247372
"Gene269",0.852894894755428,0.443275447934866
"Gene270",-0.28754686502683,0.519073321018368
"Gene271",1.28178382831004,0.703401177423075
"Gene272",-1.03382400263229,0.791610209736973
"Gene273",1.21221041327651,0.862285217735916
"Gene274",-1.07703466458578,0.317809641594067
"Gene275",-0.323478080682634,0.909138591261581
"Gene276",0.571041391771211,0.304310174658895
"Gene277",-0.311072941979482,0.356948588276282
"Gene278",1.91145414196727,0.259691098006442
"Gene279",0.454842123563604,0.960747624514624
"Gene280",-0.427021626818321,0.104211492929608
"Gene281",0.0150455240748697,0.768869190709665
"Gene282",-1.02027039162797,0.948001477401704
"Gene283",-1.20506064469952,0.934050081064925
"Gene284",-0.0339903980794173,0.660777984419838
"Gene285",-0.018948224974254,0.931425297632813
"Gene286",2.4331771931236,0.34978344431147
"Gene287",0.567136284892293,0.746009360766038
"Gene288",0.453367451590684,0.730276876827702
"Gene289",0.73747418353672,0.375407664803788
"Gene290",2.00405527121477,0.688069242052734
"Gene291",-1.19654152453453,0.786463525611907
"Gene292",0.0661248472225492,0.40716122626327
"Gene293",-0.330986043237161,0.0105373144615442
"Gene294",-0.467929871187321,0.262062918860465
"Gene295",0.212560527596735,0.381552666658536
"Gene296",-0.0394689049834954,0.702838997589424
"Gene297",1.38483744283185,0.329659619601443
"Gene298",-0.527902428789575,0.757123078918085
"Gene299",0.250002686416978,0.574598326580599
"Gene300",-0.677187557155243,0.0888665129896253
"Gene301",0.614674482217894,0.528636279981583
"Gene302",-1.42284534948742,0.151402799412608
"Gene303",0.17312525147482,0.717540627345443
"Gene304",0.632816562881873,0.433476598700508
"Gene305",-0.643186870506918,0.175306653836742
"Gene306",1.45673975604836,0.758315447950736
"Gene307",-0.143170576097278,0.0285842036828399
"Gene308",-1.18286420620458,0.0108157894574106
"Gene309",1.10936237149864,0.452169464202598
"Gene310",0.416781973128506,0.204553623916581
"Gene311",0.155276397310668,0.416459071217105
"Gene312",0.224085643815217,0.56166650285013
"Gene313",-0.393327165930738,0.0656353868544102
"Gene314",-0.437666648212304,0.405673566507176
"Gene315",-0.377206853917317,0.863790085306391
"Gene316",-0.230227798466456,0.745960351545364
"Gene317",0.489171114804536,0.0575296864844859
"Gene318",-2.56271125026979,0.242982360767201
"Gene319",0.897111867516026,0.101793877314776
"Gene320",0.523245467412159,0.519070184091106
"Gene321",-0.366234107713729,0.702585498569533
"Gene322",-0.0312990813430095,0.597945530898869
"Gene323",0.24929388729306,0.823729223338887
"Gene324",0.349833966244311,0.832725408021361
"Gene325",-0.824183772155314,0.026783965760842
"Gene326",-2.17379748128256,0.856491265352815
"Gene327",1.12750836148291,0.208649637410417
"Gene328",1.00134991142897,0.42153871874325
"Gene329",2.8162084951449,0.00820911093614995
"Gene330",-0.984728439235987,0.359493117546663
"Gene331",-1.05992964763221,0.367656214162707
"Gene332",-1.9983443369196,0.0678652073256671
"Gene333",0.381186244645981,0.32994814729318
"Gene334",0.338537412539527,0.217775037977844
"Gene335",-0.156542143941452,0.548693246906623
"Gene336",1.27828227683842,0.32648825715296
"Gene337",-2.28824404847148,0.200466117821634
"Gene338",0.44161463498485,0.535373653518036
"Gene339",0.579739172754711,0.546386418864131
"Gene340",-0.405890119027761,0.0290852631442249
"Gene341",-0.647483315467688,0.133209054125473
"Gene342",0.882478771908971,0.910807055654004
"Gene343",-0.0628360439152544,0.429968466283754
"Gene344",0.0199761178562376,0.553228673059493
"Gene345",-2.19191639121216,0.555417220108211
"Gene346",0.151039666547547,0.282549032010138
"Gene347",-0.342388518203528,0.194969961885363
"Gene348",2.06573168798554,0.550941749010235
"Gene349",0.089438483476035,0.730098193977028
"Gene350",-1.65035098115801,0.190879954723641
"Gene351",0.233304050889361,0.891239327844232
"Gene352",-0.33536007208746,0.701160875149071
"Gene353",0.100368787583174,0.0536534460261464
"Gene354",1.031285075992,0.07118492689915
"Gene355",-0.409165860362057,0.0680363364517689
"Gene356",-0.193179004060139,0.857520595658571
"Gene357",0.959830520662376,0.348276000004262
"Gene358",0.283457876565681,0.597666268702596
"Gene359",-0.00474351083696067,0.482066281838343
"Gene360",1.03487096618407,0.919133357470855
"Gene361",-1.23067877547348,0.696026269579306
"Gene362",1.77495582253267,0.61870638653636
"Gene363",1.25613514979603,0.652126169297844
"Gene364",-0.89403971340238,0.619296926306561
"Gene365",-0.850260152809087,0.354838088387623
"Gene366",0.211856889916597,0.267754533095285
"Gene367",-0.0567184736172503,0.161415375769138
"Gene368",1.72742028847245,0.870654214173555
"Gene369",2.49660421058746,0.443137861788273
"Gene370",-1.79792916657072,0.579435271443799
"Gene371",0.261261238288546,0.180825345218182
"Gene372",0.151874158961178,0.918329774634913
"Gene373",-1.23230867028008,0.115836577722803
"Gene374",-1.43960733058472,0.530047165229917
"Gene375",0.483024642965264,0.174981036689132
"Gene376",-0.527523643514526,0.728083440568298
"Gene377",-0.0639517105925021,0.879280233290046
"Gene378",1.20206937261965,0.714200222166255
"Gene379",-0.512311000955105,0.760552927851677
"Gene380",-2.06021863092911,0.805946443229914
"Gene381",1.02570973705445,0.746145235607401
"Gene382",-0.293876702886149,0.266151078976691
"Gene383",-1.09713252348164,0.0421246814075857
"Gene384",-1.36219561026614,0.729712592205033
"Gene385",0.413630171133523,0.429276282899082
"Gene386",1.76104111243114,0.975922218989581
"Gene387",0.376521966360076,0.660416168626398
"Gene388",1.18669237116328,0.750312240095809
"Gene389",-0.159831620458076,0.052064061164856
"Gene390",1.24962771435301,0.730634809006006
"Gene391",0.0317312278495118,0.856664231047034
"Gene392",1.29620675546198,0.659733699867502
"Gene393",0.101328817955948,0.537092147627845
"Gene394",0.291895595074844,0.0142898249905556
"Gene395",1.01756405011482,0.488754514837638
"Gene396",2.05552673340714,0.821098930668086
"Gene397",0.876704659129141,0.423456450458616
"Gene398",0.403518293979034,0.835384766338393
"Gene399",1.11727926220311,0.130279668141156
"Gene400",-1.0647423933929,0.878937227651477
"Gene401",0.680956739208067,0.489564108429477
"Gene402",0.234951714882282,0.320260968524963
"Gene403",0.0862468836036086,0.278870795620605
"Gene404",0.516503919000119,0.866634742124006
"Gene405",-1.8488640305605,0.815773052163422
"Gene406",1.11953332064626,0.291213660035282
"Gene407",-0.00621055215273367,0.794384218519554
"Gene408",-0.475027601647544,0.501937200082466
"Gene409",-0.893845897469362,0.637979448772967
"Gene410",0.616361925633525,0.0964133471716195
"Gene411",1.60398138446917,0.762278051581234
"Gene412",-0.065869824234242,0.958777386229485
"Gene413",-2.10205648940682,0.741662216605619
"Gene414",0.167161057947324,0.353696457808837
"Gene415",0.42538332843594,0.984588806517422
"Gene416",-0.904380259035282,0.764210973400623
"Gene417",1.49896664596072,0.279047139454633
"Gene418",-1.6266218539426,0.0761895140167326
"Gene419",-1.02001182884727,0.18336486001499
"Gene420",-0.317255755687203,0.588484539883211
"Gene421",1.62976123936349,0.926291746320203
"Gene422",0.78279643572324,0.409739353926852
"Gene423",0.422446277022946,0.335548839299008
"Gene424",-0.0129257545897472,0.258426580345258
"Gene425",-0.171036991518927,0.995262216310948
"Gene426",1.4697242134423,0.515128310769796
"Gene427",1.99808364647924,0.780035947682336
"Gene428",0.35359971731942,0.667578246677294
"Gene429",0.168991536907709,0.745670785196126
"Gene430",-0.898733911609093,0.360283894697204
"Gene431",-0.218574972217596,0.0846765676978976
"Gene432",-1.61123875238001,0.877793461550027
"Gene433",1.34902747896848,0.520566768012941
"Gene434",0.512081738266077,0.814679245930165
"Gene435",-0.650965168432614,0.39632548391819
"Gene436",0.832384645139239,0.565811208216473
"Gene437",1.06967927314096,0.659271324519068
"Gene438",2.00300415850571,0.817216172814369
"Gene439",0.312595981804004,0.546088916249573
"Gene440",-0.137526545553953,0.720329413423315
"Gene441",-0.294855507705811,0.11328003089875
"Gene442",-1.02025416695865,0.286730696214363
"Gene443",-0.286245135199062,0.887620237423107
"Gene444",0.786625216495208,0.794068404240534
"Gene445",0.691087466574502,0.906770923407748
"Gene446",-0.42547995563776,0.93215806549415
"Gene447",-0.16126468883948,0.704793857876211
"Gene448",-2.09384531653832,0.487473075510934
"Gene449",-0.664425471066729,0.257660971954465
"Gene450",-1.64323643918672,0.62029071059078
"Gene451",-2.33000647514942,0.873338386183605
"Gene452",-0.158721315005475,0.348445858806372
"Gene453",-0.987637348654658,0.0432550727855414
"Gene454",0.385368275849836,0.474036382744089
"Gene455",0.778502641307406,0.0892844216432422
"Gene456",-0.527119322589766,0.668298176955432
"Gene457",0.383869065452693,0.815675833960995
"Gene458",0.804233527813717,0.41863654833287
"Gene459",-1.02728212988392,0.43372277286835
"Gene460",-0.963043484201075,0.864480505231768
"Gene461",0.0527609777225493,0.22538248449564
"Gene462",-0.426818525417865,0.386411630548537
"Gene463",0.850439407810098,0.486293521942571
"Gene464",0.702157000625032,0.278776508290321
"Gene465",-0.584915619225447,0.659076705342159
"Gene466",-0.173285109312146,0.906922611175105
"Gene467",-0.572966767124836,0.0274873781017959
"Gene468",-0.303707786885381,0.56484192982316
"Gene469",-0.409350935503838,0.442868026671931
"Gene470",-0.421438291396027,0.635914673795924
"Gene471",1.69740913205679,0.807262032292783
"Gene472",-0.164163965166168,0.837976186070591
"Gene473",1.79544100725582,0.63666854146868
"Gene474",-0.557363053694413,0.71934078168124
"Gene475",-1.92389546402337,0.0228735313285142
"Gene476",0.557912404213601,0.403981572249904
"Gene477",-0.696873445509947,0.568921230500564
"Gene478",-0.0275692857421119,0.423387270187959
"Gene479",0.374870917524655,0.126432637916878
"Gene480",0.489487192998353,0.859637711197138
"Gene481",0.68474565827611,0.428427773993462
"Gene482",0.562471531528043,0.76038106251508
"Gene483",-0.00288242780934375,0.950517776422203
"Gene484",-0.266187484001809,0.60487032472156
"Gene485",-0.157729632772405,0.974369000876322
"Gene486",-0.199968100107586,0.495534669375047
"Gene487",2.26260973860877,0.425207013497129
"Gene488",-0.184787936585205,0.393333605956286
"Gene489",1.06799573306825,0.4616744290106
"Gene490",0.182255132258154,0.872423636261374
"Gene491",0.304108860495836,0.0921554297674447
"Gene492",0.516948336113105,0.711166229331866
"Gene493",0.502903453980554,0.762693332275376
"Gene494",-0.20458138239244,0.720220517832786
"Gene495",-0.504245208113668,0.961273089749739
"Gene496",2.84287055069581,0.148446815321222
"Gene497",-0.879088291439648,0.393160443985835
"Gene498",-1.41350487568905,0.209276287350804
"Gene499",0.108050100954685,0.0266917399130762
"Gene500",-0.831986509276089,0.568303607404232
"Gene501",-1.76617680876661,0.382879932876676
"Gene502",1.19075901892295,0.506268542027101
"Gene503",1.20403094832734,0.123029275797307
"Gene504",0.572454263641936,0.547834544908255
"Gene505",0.496599227094731,0.116595417726785
"Gene506",-1.07544523049773,0.627464687684551
"Gene507",1.93265987129472,0.20527126500383
"Gene508",1.26521855577906,0.861184376757592
"Gene509",0.542121745694951,0.0414341695141047
"Gene510",-0.881318086698761,0.641299951588735
"Gene511",-0.550781042490125,0.272663449170068
"Gene512",0.481181338837476,0.90066688740626
"Gene513",0.540088646933296,0.300897774286568
"Gene514",-2.43482774094401,0.494168773060665
"Gene515",0.374077821935678,0.540904324501753
"Gene516",-1.05689192137668,0.437878296943381
"Gene517",-0.0902115332424732,0.71503320382908
"Gene518",0.7158291266878,0.156969766831025
"Gene519",-1.22877577799832,0.00804988131858408
"Gene520",-0.672499531692866,0.553632830036804
"Gene521",0.758064248136995,0.477924036327749
"Gene522",0.314753856016032,0.152014288352802
"Gene523",1.79602041699879,0.870032571256161
"Gene524",2.06786786471588,0.96142772003077
"Gene525",-0.143944284965873,0.204703679541126
"Gene526",-0.381028995260285,0.00561471423134208
"Gene527",-1.29934778936613,0.984341327100992
"Gene528",-0.75190355071893,0.00900156586430967
"Gene529",-0.0676796276689425,0.801414215238765
"Gene530",-0.735283614873999,0.323347438126802
"Gene531",-0.694380065308316,0.765606634551659
"Gene532",-0.251527638816281,0.440159203251824
"Gene533",0.428694017625173,0.473720008740202
"Gene534",2.90326649323106,0.0285051120445132
"Gene535",-0.554303410635431,0.438809276092798
"Gene536",-1.23936831088566,0.481263468973339
"Gene537",-0.49150265095113,0.844053151784465
"Gene538",-0.913173811219435,0.0985206854529679
"Gene539",-0.224658774549435,0.271266947267577
"Gene540",-1.23598517363887,0.382387920981273
"Gene541",0.0996899460830975,0.145061196060851
"Gene542",0.414684410397091,0.565527721075341
"Gene543",-1.03990995138227,0.981756439898163
"Gene544",0.425010517065204,0.948102136375383
"Gene545",-0.643180311986399,0.121011761715636
"Gene546",-0.529183204294856,0.348741968162358
"Gene547",0.633358747669829,0.982708128867671
"Gene548",0.361208045354872,0.0757062158081681
"Gene549",-0.540395845360528,0.808598628733307
"Gene550",-0.572824821084329,0.700281162280589
"Gene551",0.736639259788396,0.193024629261345
"Gene552",0.346566101039311,0.688836558256298
"Gene553",-0.594215076021957,0.202999840024859
"Gene554",-1.23529775321293,0.656805436126888
"Gene555",0.801601662591334,0.381567859556526
"Gene556",1.37543013107342,0.504664780572057
"Gene557",0.668969199297761,0.464872045209631
"Gene558",-0.839951525529215,0.628837439231575
"Gene559",-0.454689796979011,0.0245562642812729
"Gene560",2.10772731031452,0.216983388178051
"Gene561",0.429625933250822,0.742391809122637
"Gene562",0.780551804678214,0.254602246917784
"Gene563",-0.66192001657702,0.379330749856308
"Gene564",0.495745111515467,0.391082123620436
"Gene565",-1.1891400652584,0.472149731125683
"Gene566",-1.37739574468691,0.573830424109474
"Gene567",-0.680534846162586,0.955215550027788
"Gene568",-0.318139170336226,0.487040487350896
"Gene569",-2.22984796646051,0.482111434452236
"Gene570",-0.0390555763370161,0.231535853818059
"Gene571",-0.229271903612454,0.904079936910421
"Gene572",0.517464283981506,0.863660868722945
"Gene573",-0.571574075681441,0.0874518593773246
"Gene574",-1.67930843340524,0.808180695632473
"Gene575",-0.573980565234545,0.901419308502227
"Gene576",0.971407076604421,0.966788044665009
"Gene577",1.94047700707612,0.330023616785184
"Gene578",0.829044029757547,0.765622197650373
"Gene579",0.295100774286171,0.0649932657834142
"Gene580",0.106658721106311,0.877326718298718
"Gene581",0.312859254951539,0.263822606299073
"Gene582",-0.0274507669826622,0.944655564147979
"Gene583",-0.140083171789682,0.0542185490485281
"Gene584",0.611019357549631,0.0321752317249775
"Gene585",-0.870303563409176,0.954316355520859
"Gene586",2.28168643757924,0.317660942906514
"Gene587",2.06534036649185,0.671944957226515
"Gene588",1.00718307940373,0.124289910541847
"Gene589",1.93581893199606,0.359837747178972
"Gene590",-0.819365140613871,0.816110163927078
"Gene591",2.77400212558147,0.283006730023772
"Gene592",0.78158472794571,0.0455584554001689
"Gene593",-1.50364220509171,0.668830124195665
"Gene594",2.17362901661545,0.0886496880557388
"Gene595",-2.29923904753913,0.251991821918637
"Gene596",0.268929135656425,0.429358086315915
"Gene597",0.10186747418444,0.809151004301384
"Gene598",-0.25420537747751,0.53120446880348
"Gene599",2.23264918218441,0.0450241975486279
"Gene600",-0.321846587943559,0.775478744646534
"Gene601",0.983732958331139,0.717066453071311
"Gene602",-0.239517293103153,0.385558275738731
"Gene603",0.78222554340166,0.214503608178347
"Gene604",1.4665086694963,0.884286070242524
"Gene605",0.0110562520030413,0.123316953191534
"Gene606",-1.06967710875269,0.00542571279220283
"Gene607",-0.564266933968781,0.24413608154282
"Gene608",2.91046909918095,0.833725841948763
"Gene609",1.15785783425468,0.899752859724686
"Gene610",-0.966704626089384,0.275382786523551
"Gene611",-0.949545376687463,0.113286570645869
"Gene612",-1.42818903909969,0.160120390355587
"Gene613",-0.491667774409532,0.658476789249107
"Gene614",-0.308306245720629,0.0586776807904243
"Gene615",-2.01140776672401,0.683518639067188
"Gene616",1.39324359477245,0.937817033147439
"Gene617",0.397909912655363,0.857547492487356
"Gene618",-1.10456369972555,0.282637911848724
"Gene619",0.792869898024801,0.783743879990652
"Gene620",-0.81270825203398,0.608493672451004
"Gene621",1.14074030787613,0.746963671408594
"Gene622",0.593149531660723,0.743876435793936
"Gene623",1.44601478911866,0.486791673814878
"Gene624",0.179235206147251,0.493271026294678
"Gene625",2.54189189127646,0.527871428988874
"Gene626",1.46978578714147,0.504058724967763
"Gene627",-0.912684375379146,0.297134204301983
"Gene628",-0.694064769329306,0.817903568269685
"Gene629",-0.652737688226157,0.582044409587979
"Gene630",-0.466764023629852,0.424662202363834
"Gene631",0.575531049456837,0.347433375427499
"Gene632",-0.73530280922801,0.856098021846265
"Gene633",1.87930674458823,0.243491186294705
"Gene634",0.266466576833686,0.289300177479163
"Gene635",0.64885306959777,0.752636570949107
"Gene636",2.00982638484724,0.200233263429254
"Gene637",0.173024013750557,0.331519571365789
"Gene638",-1.79202665026105,0.011901173973456
"Gene639",-1.18274468617266,0.809414020041004
"Gene640",0.802052838717691,0.554445780813694
"Gene641",2.70240186198446,0.455860439920798
"Gene642",-0.469415270839937,0.93905154755339
"Gene643",0.119632363679398,0.742358945775777
"Gene644",-0.138969310312109,0.792590685887262
"Gene645",0.772194015454448,0.0527531988918781
"Gene646",-0.664966150671747,0.352524461224675
"Gene647",-0.710930825868202,0.340712593402714
"Gene648",-1.25526155765336,0.991484328173101
"Gene649",0.0586080610767325,0.133450025692582
"Gene650",-0.283376377018337,0.0711800395511091
"Gene651",0.525117663303733,0.456341265235096
"Gene652",-1.57286128883574,0.586976152379066
"Gene653",0.642843797508265,0.328604094451293
"Gene654",0.0568415214774089,0.462011117488146
"Gene655",1.49104156014012,0.866033150115982
"Gene656",0.373330344322435,0.879322250606492
"Gene657",0.81203412911791,0.431583381490782
"Gene658",0.0501258979059979,0.110695511801168
"Gene659",-2.54101651138626,0.0808035887312144
"Gene660",2.32410364509956,0.263546115485951
"Gene661",-0.189888038622704,0.554404873633757
"Gene662",0.00614378862106708,0.0581243836786598
"Gene663",2.09427540063554,0.31551385903731
"Gene664",-1.75298428366579,0.807041681138799
"Gene665",-1.52734141849981,0.925174151081592
"Gene666",1.26282513420805,0.243839454138651
"Gene667",0.470558029933396,0.51753179775551
"Gene668",2.33452246700453,0.444850794272497
"Gene669",0.00613571178440788,0.0861329017207026
"Gene670",-0.301419255917448,0.211712589254603
"Gene671",0.28924810764954,0.0543660405091941
"Gene672",-1.54813724174614,0.288883303059265
"Gene673",0.392260744388397,0.679827371845022
"Gene674",0.910386755664014,0.190260879229754
"Gene675",-1.93974275759526,0.316093226196244
"Gene676",-1.10894598081916,0.698176140664145
"Gene677",-1.70888674825112,0.920585269108415
"Gene678",0.185549788650387,0.0504304391797632
"Gene679",-1.836865856687,0.179969908669591
"Gene680",-1.54653091591427,0.0623318352736533
"Gene681",-0.108495190978384,0.450910090468824
"Gene682",-0.999479127337412,0.427942898124456
"Gene683",0.792950708792735,0.895955289714038
"Gene684",1.66000120980806,0.80615455028601
"Gene685",-1.0444156819874,0.144630755996332
"Gene686",2.54147644058723,0.770543938968331
"Gene687",0.841700516920565,0.370951849035919
"Gene688",-0.582034208752161,0.28869446576573
"Gene689",2.45384686797011,0.618552193976939
"Gene690",0.35226431737435,0.270964930066839
"Gene691",0.147178456170208,0.879518550587818
"Gene692",1.46647341437638,0.205079204635695
"Gene693",-0.544794254452418,0.0315509734209627
"Gene694",0.813633118942154,0.619260015198961
"Gene695",1.58780468940117,0.730348584242165
"Gene696",0.257273260357489,0.98195054102689
"Gene697",0.689106005128875,0.451763160061091
"Gene698",0.397670060947299,0.769380897050723
"Gene699",0.422547054843841,0.836382245877758
"Gene700",1.16762310147255,0.623871580464765
"Gene701",-1.64726385561714,0.985811746679246
"Gene702",0.34476590081341,0.628952711587772
"Gene703",0.67696639015743,0.0143005081918091
"Gene704",1.69020382899514,0.834941738983616
"Gene705",-0.541256388108799,0.284247626550496
"Gene706",-3.13896827164016,0.746700844261795
"Gene707",1.35759339043677,0.563185874605551
"Gene708",0.503462067901576,0.803798316745088
"Gene709",-0.350632218449471,0.270469967508689
"Gene710",-1.10049890621227,0.979161707451567
"Gene711",-1.43159368524423,0.368530533043668
"Gene712",0.348460730938504,0.73045659204945
"Gene713",-0.0202348340420356,0.809015386970714
"Gene714",0.326811041962674,0.865905204089358
"Gene715",-1.28675149484925,0.0765839763917029
"Gene716",-0.599554517783414,0.741647732444108
"Gene717",-0.744457203630565,0.282077508512884
"Gene718",2.34240173200465,0.851311460137367
"Gene719",-2.12031593266875,0.409796342719346
"Gene720",1.8694300186463,0.756889881798998
"Gene721",0.738779669830292,0.977104577934369
"Gene722",0.45230677301604,0.872009474551305
"Gene723",0.428487292009595,0.831371963955462
"Gene724",0.0735551594770956,0.309504023753107
"Gene725",-0.153567602684832,0.409406120190397
"Gene726",2.16742539039721,0.430264899507165
"Gene727",-0.326523469197703,0.0674874861724675
"Gene728",-0.189124793242664,0.437954763416201
"Gene729",0.25302524465775,0.332940927008167
"Gene730",-0.398885011670836,0.47879629326053
"Gene731",-0.161386193480209,0.395281633129343
"Gene732",-0.20758914143332,0.391925835516304
"Gene733",-0.490591787391939,0.600839384132996
"Gene734",1.76969080140683,0.327436189865693
"Gene735",-1.23104363003276,0.841664585284889
"Gene736",-1.64582451271634,0.306053248699754
"Gene737",-0.0403058546809644,0.137056647334248
"Gene738",0.796403397937056,0.594210206065327
"Gene739",-0.636842363103082,0.00489139324054122
"Gene740",-0.121709542285061,0.223033604677767
"Gene741",-0.706231446861668,0.345814449945465
"Gene742",0.410572180514688,0.777223514392972
"Gene743",-0.411774608626885,0.00962874689139426
"Gene744",0.207133567524322,0.831571521703154
"Gene745",0.477660611009137,0.158588068326935
"Gene746",0.222593565875641,0.231403978541493
"Gene747",-0.408345525363586,0.723122620722279
"Gene748",0.72420801785789,0.996098240371794
"Gene749",1.4479682733252,0.940425565000623
"Gene750",0.611425661521214,0.192353199236095
"Gene751",-0.238930815292371,0.914623061195016
"Gene752",0.721292600764882,0.903140299022198
"Gene753",-0.145149616677626,0.548629359342158
"Gene754",0.787336172710248,0.82981606037356
"Gene755",-0.493081480920073,0.99405056820251
"Gene756",0.760731247334178,0.198863070691004
"Gene757",0.828773861041133,0.731517143547535
"Gene758",0.823072469505892,0.749670609133318
"Gene759",0.49067958358085,0.101494543720037
"Gene760",0.250143251824264,0.455864876974374
"Gene761",-0.828320130669272,0.788298692554235
"Gene762",-1.15629312150293,0.360890775220469
"Gene763",0.663243630520404,0.00555970100685954
"Gene764",1.08210973117836,0.826730548636988
"Gene765",1.30293456943299,0.855920366710052
"Gene766",1.00320990346202,0.516323393909261
"Gene767",-0.477147974507489,0.311274917563424
"Gene768",1.48634631694511,0.900800218107179
"Gene769",-0.659881997573797,0.750890064751729
"Gene770",1.26655455289332,0.597497907932848
"Gene771",-0.851803712016788,0.941350853769109
"Gene772",-0.568885485941857,0.463465512963012
"Gene773",2.71914343697537,0.423088579904288
"Gene774",0.715353178127637,0.779296733206138
"Gene775",-1.24219812424653,0.184979029232636
"Gene776",0.0100003681823429,0.84195790044032
"Gene777",0.523770007293483,0.319099886110052
"Gene778",-0.559023181431229,0.792153771966696
"Gene779",-0.311591071353815,0.523801699047908
"Gene780",-0.503002850084765,0.435957512585446
"Gene781",-0.258195634153493,0.484889140352607
"Gene782",0.146688778780469,0.398450040724128
"Gene783",1.88039175829499,0.229389739222825
"Gene784",0.0334286059750923,0.745808514300734
"Gene785",-0.481607032044518,0.42786348820664
"Gene786",-0.944099808849242,0.749764807289466
"Gene787",1.43479187933959,0.547595886746421
"Gene788",1.3137679325393,0.734518421115354
"Gene789",1.28740244535836,0.667684449348599
"Gene790",-0.0417126143999043,0.080381611129269
"Gene791",0.754488576299828,0.774603618076071
"Gene792",-0.278215760579597,0.0319641274400055
"Gene793",1.05484531449777,0.147141058463603
"Gene794",-1.42286269801966,0.109934606822208
"Gene795",0.252242465956497,0.629812539322302
"Gene796",0.495475143664613,0.333488242467865
"Gene797",0.0362372117481814,0.987953452626243
"Gene798",0.518036530120199,0.544483776437119
"Gene799",-1.44882150175523,0.749872072832659
"Gene800",-0.221808135084878,0.0864486380014569
"Gene801",0.2594965380356,0.636217884486541
"Gene802",0.876465951269432,0.0991174879018217
"Gene803",-0.253093375462715,0.620110653107986
"Gene804",0.415464589670426,0.258160885423422
"Gene805",-0.0715289983501557,0.70854215696454
"Gene806",-1.29230310913742,0.673356382874772
"Gene807",-0.852057122578773,0.679325720993802
"Gene808",0.328501007348157,0.544833128340542
"Gene809",-0.623164732932255,0.111485916888341
"Gene810",0.124896709080666,0.0280499749351293
"Gene811",-0.836819688759308,0.747011750703678
"Gene812",0.411770090511182,0.264532648958266
"Gene813",1.48702072216796,0.720466235885397
"Gene814",0.599195355473289,0.39764788467437
"Gene815",0.807041713614618,0.308027626480907
"Gene816",-1.1443481160432,0.928738915128633
"Gene817",0.605306718708426,0.778390913968906
"Gene818",0.464356458224232,0.899008459877223
"Gene819",0.502086005803199,0.903985835146159
"Gene820",-1.70809091691693,0.477928592357785
"Gene821",0.366763920603344,0.948390800040215
"Gene822",0.297186081409672,0.412119557149708
"Gene823",-1.90535817723716,0.330944754881784
"Gene824",0.301533318863474,0.120448840782046
"Gene825",0.87887839026471,0.971772016491741
"Gene826",-1.44363884519593,0.198624165728688
"Gene827",1.09412005153822,0.367315554758534
"Gene828",1.12507191930483,0.100305272964761
"Gene829",0.0899402113849192,0.338770111789927
"Gene830",-0.478657383779779,0.464625538559631
"Gene831",0.175475628542995,0.248747042613104
"Gene832",-1.40168754930593,0.32113586156629
"Gene833",0.182613364343745,0.138629106106237
"Gene834",0.26156012373377,0.404482671525329
"Gene835",1.25234307375839,0.927975513506681
"Gene836",-0.216157091111367,0.458282893523574
"Gene837",0.0551755399610513,0.00128535297699273
"Gene838",0.6094452911242,0.389035841915756
"Gene839",2.00352153987118,0.149259873200208
"Gene840",-0.787540332842691,0.282294483855367
"Gene841",0.871934669707009,0.197962447302416
"Gene842",-0.538565018358352,0.545139879686758
"Gene843",0.0895875563441475,0.0393308207858354
"Gene844",-0.0579590550580854,0.958352074027061
"Gene845",1.22201171320525,0.435476598097011
"Gene846",0.121856418297779,0.542471135035157
"Gene847",-0.136522955091627,0.636582639999688
"Gene848",0.229811036259452,0.366726541891694
"Gene849",1.69858557080373,0.825863125501201
"Gene850",0.875670638149599,0.218421696219593
"Gene851",-0.707132347924357,0.16646794276312
"Gene852",0.863073965197023,0.990516766207293
"Gene853",0.133740097831966,0.114563453942537
"Gene854",0.541594308402267,0.662999582011253
"Gene855",0.780847310599529,0.367293219314888
"Gene856",-0.201203954644122,0.109236257150769
"Gene857",0.785886245619486,0.0249081149231642
"Gene858",-1.06827787173654,0.0388770117424428
"Gene859",1.08241729483748,0.531041922746226
"Gene860",0.624545957118176,0.761942528188229
"Gene861",0.56148370823325,0.59549029241316
"Gene862",0.174716092931499,0.693758253240958
"Gene863",-0.29302835093281,0.334179431665689
"Gene864",-0.149698756321638,0.714025947963819
"Gene865",-0.676478673141778,0.797035098075867
"Gene866",0.329801490549981,0.562806466361508
"Gene867",0.51738384620223,0.722614995902404
"Gene868",0.593442916276189,0.673707299400121
"Gene869",-0.861511010192646,0.562403373187408
"Gene870",-0.466864438374636,0.268186365021393
"Gene871",-0.517898266593249,0.676215872634202
"Gene872",-0.977339612028077,0.950798944570124
"Gene873",0.798294870018845,0.445637511555105
"Gene874",0.240206653937187,0.276845997432247
"Gene875",0.543822529899023,0.561669601127505
"Gene876",0.249370904109686,0.385522448923439
"Gene877",1.59040475894565,0.755803352221847
"Gene878",-0.406735284927045,0.61412669532001
"Gene879",2.24917879228359,0.429718262283131
"Gene880",-0.368085953962176,0.792152303503826
"Gene881",0.95807242282051,0.107105569681153
"Gene882",0.287124502379039,0.715800995239988
"Gene883",-0.0703504038551309,0.183962858049199
"Gene884",1.04339758893404,0.19766571233049
"Gene885",0.0942975603676563,0.370884922100231
"Gene886",1.0682942636274,0.820828688098118
"Gene887",1.45421972368955,0.398289213422686
"Gene888",-1.53703209566295,0.677621220704168
"Gene889",0.515179444050992,0.491422442253679
"Gene890",-0.374645732292311,0.262853657593951
"Gene891",0.507174758046574,0.936838768189773
"Gene892",-1.06718287491957,0.677802954334766
"Gene893",-0.0243059142548854,0.997781630605459
"Gene894",-0.766402701740797,0.404270006110892
"Gene895",-0.565910998039187,0.997660179855302
"Gene896",0.292248819522831,0.714425805024803
"Gene897",-1.07373886061876,0.00743961334228516
"Gene898",0.366184074057674,0.0363107011653483
"Gene899",-0.225404746363805,0.805236940737814
"Gene900",0.431776159815158,0.347851083846763
"Gene901",0.797684234395295,0.366223072400317
"Gene902",-0.260977541122637,0.0739717853721231
"Gene903",-0.436107233277604,0.975880829850212
"Gene904",0.654228963169362,0.222340322099626
"Gene905",1.53534311920882,0.327901812270284
"Gene906",0.115073913682965,0.950157288927585
"Gene907",0.74825385469791,0.793648542137817
"Gene908",0.618276534978773,0.882064306875691
"Gene909",-1.12890881451431,0.149487721035257
"Gene910",-1.09809493636978,0.960997431073338
"Gene911",0.321772241948326,0.862635866971686
"Gene912",1.96765520393408,0.717720702057704
"Gene913",0.25268280723323,0.713960159569979
"Gene914",0.0034458430840195,0.830820219358429
"Gene915",0.147411758516779,0.718437734758481
"Gene916",0.143235070896338,0.426391073036939
"Gene917",-0.627692726304876,0.517673651920632
"Gene918",-0.0110963306595349,0.800922246417031
"Gene919",-0.597328231567498,0.535673044156283
"Gene920",-0.0823906235934288,0.0242397878319025
"Gene921",0.667166839104987,0.0685255841817707
"Gene922",-0.764140311045191,0.969367145793512
"Gene923",-1.1413723377912,0.537211920367554
"Gene924",1.6321963401316,0.526847281493247
"Gene925",1.60401989888885,0.717452199431136
"Gene926",0.0584427203054429,0.286375283729285
"Gene927",-0.251398195318977,0.938896785723045
"Gene928",1.14227718985494,0.44232874084264
"Gene929",-1.3632966557116,0.777579661458731
"Gene930",-0.852742346005216,0.166937410598621
"Gene931",-1.10032381665981,0.616058295127004
"Gene932",-0.308732386208169,0.268374851671979
"Gene933",0.0542813892706114,0.091360414866358
"Gene934",-0.128039774059694,0.0602268851362169
"Gene935",-0.936467410511751,0.296138589968905
"Gene936",-0.883935191651569,0.0998315897304565
"Gene937",-0.998924558747728,0.188426741864532
"Gene938",-0.778329525562367,0.87561109685339
"Gene939",0.114224438372729,0.354864098364487
"Gene940",-0.535509829567816,0.0814763454254717
"Gene941",0.694535750062349,0.742740098154172
"Gene942",-1.25421947607176,0.496154316235334
"Gene943",-2.06016112151811,0.752777337562293
"Gene944",0.556406722665964,0.300650318153203
"Gene945",-0.956652219763819,0.132242189021781
"Gene946",1.40011351084709,0.79924125992693
"Gene947",-0.598782431667534,0.833486187737435
"Gene948",0.977927247085796,0.973215947858989
"Gene949",-0.986996206890919,0.0654825218953192
"Gene950",-0.329298605433489,0.309208086458966
"Gene951",-0.279686528855736,0.167257102672011
"Gene952",-1.50836092658609,0.868405401706696
"Gene953",0.739397572703193,0.124957533786073
"Gene954",0.766058774481687,0.30522748385556
"Gene955",-0.4062823891364,0.49071785598062
"Gene956",-0.479499661692882,0.501433978788555
"Gene957",-1.43267548980453,0.932340116705745
"Gene958",0.503616610180038,0.702279889956117
"Gene959",0.578771124888335,0.358461525524035
"Gene960",0.866622108326198,0.435182112036273
"Gene961",0.41615191221093,0.289204569300637
"Gene962",-1.96321865557136,0.913639286067337
"Gene963",-0.775832386854208,0.881705728592351
"Gene964",0.402819016714675,0.843866688199341
"Gene965",0.826274289310076,0.808040364878252
"Gene966",0.553676539212517,0.845007036579773
"Gene967",0.367691382799508,0.399219466373324
"Gene968",-0.480147616841192,0.105073882965371
"Gene969",0.252946850756849,0.72568830079399
"Gene970",-0.288446952102891,0.844611220760271
"Gene971",-2.84556469115185,0.107163808308542
"Gene972",1.13297205591269,0.332529140636325
"Gene973",0.974011794495861,0.189217469887808
"Gene974",-0.976123586975516,0.402923060348257
"Gene975",-0.697012448889344,0.856533010024577
"Gene976",-1.59402021064951,0.739251225022599
"Gene977",-0.346860036255127,0.736213715746999
"Gene978",-0.0919783913316203,0.851532791275531
"Gene979",1.03002534213939,0.697553415084258
"Gene980",0.742036638981496,0.101530124666169
"Gene981",-0.763604121607563,0.41049933177419
"Gene982",1.10263077183541,0.756963538238779
"Gene983",1.10100251218151,0.298181181773543
"Gene984",-0.591693910083903,0.79537536832504
"Gene985",-0.751782224795008,0.0564248149748892
"Gene986",0.96387734405247,0.376793107716367
"Gene987",1.61604957576407,0.482453119009733
"Gene988",-0.354417423314569,0.471285557607189
"Gene989",-0.189785406654161,0.832938097883016
"Gene990",0.119205108696564,0.135955547215417
"Gene991",1.08377608944988,0.866253918269649
"Gene992",-0.194865754740318,0.588016823865473
"Gene993",0.604638858897217,0.0334877178538591
"Gene994",0.855986516995226,0.00544670503586531
"Gene995",-0.0306936212133963,0.569291055202484
"Gene996",2.95446298411116,0.325954440282658
"Gene997",0.611660105587594,0.385650202166289
"Gene998",0.303995565013555,0.273633296834305
"Gene999",0.186897930353477,0.805682145757601
"Gene1000",-0.519800276346769,0.927706266520545
